first name,last name,email address,both mentor and mentee,job title,grade,organisation,biography,target profession,match with similar identity,identity to match
mentee,00,mentee.00@gov.uk,no,Some role,AA,Department of Mentees,Test biography,Policy,yes,bisexual
mentee,01,mentee.01@gov.uk,no,Some role,AA,Department of Mentees,Test biography,Policy,yes,bisexual
mentee,02,mentee.02@gov.uk,no,Some role,AA,Department of Mentees,Test biography,Policy,yes,bisexual
mentee,03,mentee.03@gov.uk,no,Some role,AA,Department of Mentees,Test biography,Policy,yes,bisexual
mentee,04,mentee.04@gov.uk,no,Some role,AA,Department of Mentees,Test biography,Policy,yes,bisexual
mentee,05,mentee.05@gov.uk,no,Some role,AA,Department of Mentees,Test biography,Policy,yes,bisexual
mentee,06,mentee.06@gov.uk,no,Some role,AA,Department of Mentees,Test biography,Policy,yes,bisexual
mentee,07,mentee.07@gov.uk,no,Some role,AA,Department of Mentees,Test biography,Policy,yes,bisexual
mentee,08,mentee.08@gov.uk,no,Some role,AA,Department of Mentees,Test biography,Policy,yes,bisexual
mentee,09,mentee.09@gov.uk,no,Some role,AA,Department of Mentees,Test biography,Policy,yes,bisexual
mentee,10,mentee.10@gov.uk,no,Some role,AA,Department of Mentees,Test biography,Policy,yes,bisexual
mentee,11,mentee.11@gov.uk,no,Some role,AA,Department of Mentees,Test biography,Policy,yes,bisexual
mentee,12,mentee.12@gov.uk,no,Some role,AA,Department of Mentees,Test biography,Policy,yes,bisexual
mentee,13,mentee.13@gov.uk,no,Some role,AA,Department of Mentees,Test biography,Policy,yes,bisexual
mentee,14,mentee.14@gov.uk,no,Some role,AA,Department of Mentees,Test biography,Policy,yes,bisexual
mentee,15,mentee.15@gov.uk,no,Some role,AA,Department of Mentees,Test biography,Policy,yes,bisexual
mentee,16,mentee.16@gov.uk,no,Some role,AA,Department of Mentees,Test biography,Policy,yes,bisexual
mentee,17,mentee.17@gov.uk,no,Some role,AA,Department of Mentees,Test biography,Policy,yes,bisexual
mentee,18,mentee.18@gov.uk,no,Some role,AA,Department of Mentees,Test biography,Policy,yes,bisexual
mentee,19,mentee.19@gov.uk,no,Some role,AA,Department of Mentees,Test biography,Policy,yes,bisexual
mentee,20,mentee.20@gov.uk,no,Some role,AA,Department of Mentees,Test biography,Policy,yes,bisexual
mentee,21,mentee.21@gov.uk,no,Some role,AA,Department of Mentees,Test biography,Policy,yes,bisexual
mentee,22,mentee.22@gov.uk,no,Some role,AA,Department of Mentees,Test biography,Policy,yes,bisexual
mentee,23,mentee.23@gov.uk,no,Some role,AA,Department of Mentees,Test biography,Policy,yes,bisexual
mentee,24,mentee.24@gov.uk,no,Some role,AA,Department of Mentees,Test biography,Policy,yes,bisexual
mentee,25,mentee.25@gov.uk,no,Some role,AA,Department of Mentees,Test biography,Policy,yes,bisexual
mentee,26,mentee.26@gov.uk,no,Some role,AA,Department of Mentees,Test biography,Policy,yes,bisexual
mentee,27,mentee.27@gov.uk,no,Some role,AA,Department of Mentees,Test biography,Policy,yes,bisexual
mentee,28,mentee.28@gov.uk,no,Some role,AA,Department of Mentees,Test biography,Policy,yes,bisexual
mentee,29,mentee.29@gov.uk,no,Some role,AA,Department of Mentees,Test biography,Policy,yes,bisexual
mentee,30,mentee.30@gov.uk,no,Some role,AA,Department of Mentees,Test biography,Policy,yes,bisexual
mentee,31,mentee.31@gov.uk,no,Some role,AA,Department of Mentees,Test biography,Policy,yes,bisexual
mentee,32,mentee.32@gov.uk,no,Some role,AA,Department of Mentees,Test biography,Policy,yes,bisexual
mentee,33,mentee.33@gov.uk,no,Some role,AA,Department of Mentees,Test biography,Policy,yes,bisexual
mentee,34,mentee.34@gov.uk,no,Some role,AA,Department of Mentees,Test biography,Policy,yes,bisexual
mentee,35,mentee.35@gov.uk,no,Some role,AA,Department of Mentees,Test biography,Policy,yes,bisexual
mentee,36,mentee.36@gov.uk,no,Some role,AA,Department of Mentees,Test biography,Policy,yes,bisexual
mentee,37,mentee.37@gov.uk,no,Some role,AA,Department of Mentees,Test biography,Policy,yes,bisexual
mentee,38,mentee.38@gov.uk,no,Some role,AA,Department of Mentees,Test biography,Policy,yes,bisexual
mentee,39,mentee.39@gov.uk,no,Some role,AA,Department of Mentees,Test biography,Policy,yes,bisexual
mentee,40,mentee.40@gov.uk,no,Some role,AA,Department of Mentees,Test biography,Policy,yes,bisexual
mentee,41,mentee.41@gov.uk,no,Some role,AA,Department of Mentees,Test biography,Policy,yes,bisexual
mentee,42,mentee.42@gov.uk,no,Some role,AA,Department of Mentees,Test biography,Policy,yes,bisexual
mentee,43,mentee.43@gov.uk,no,Some role,AA,Department of Mentees,Test biography,Policy,yes,bisexual
mentee,44,mentee.44@gov.uk,no,Some role,AA,Department of Mentees,Test biography,Policy,yes,bisexual
mentee,45,mentee.45@gov.uk,no,Some role,AA,Department of Mentees,Test biography,Policy,yes,bisexual
mentee,46,mentee.46@gov.uk,no,Some role,AA,Department of Mentees,Test biography,Policy,yes,bisexual
mentee,47,mentee.47@gov.uk,no,Some role,AA,Department of Mentees,Test biography,Policy,yes,bisexual
mentee,48,mentee.48@gov.uk,no,Some role,AA,Department of Mentees,Test biography,Policy,yes,bisexual
mentee,49,mentee.49@gov.uk,no,Some role,AA,Department of Mentees,Test biography,Policy,yes,bisexual
