first name,last name,email address,both mentor and mentee,job title,grade,organisation,biography,profession,characteristics
mentor,000,mentor.000@gov.uk,no,Some role,EO,Department of Mentors,Test biography,Policy,"bisexual, transgender"
mentor,001,mentor.001@gov.uk,no,Some role,EO,Department of Mentors,Test biography,Policy,"bisexual, transgender"
mentor,002,mentor.002@gov.uk,no,Some role,EO,Department of Mentors,Test biography,Policy,"bisexual, transgender"
mentor,003,mentor.003@gov.uk,no,Some role,EO,Department of Mentors,Test biography,Policy,"bisexual, transgender"
mentor,004,mentor.004@gov.uk,no,Some role,EO,Department of Mentors,Test biography,Policy,"bisexual, transgender"
mentor,005,mentor.005@gov.uk,no,Some role,EO,Department of Mentors,Test biography,Policy,"bisexual, transgender"
mentor,006,mentor.006@gov.uk,no,Some role,EO,Department of Mentors,Test biography,Policy,"bisexual, transgender"
mentor,007,mentor.007@gov.uk,no,Some role,EO,Department of Mentors,Test biography,Policy,"bisexual, transgender"
mentor,008,mentor.008@gov.uk,no,Some role,EO,Department of Mentors,Test biography,Policy,"bisexual, transgender"
mentor,009,mentor.009@gov.uk,no,Some role,EO,Department of Mentors,Test biography,Policy,"bisexual, transgender"
mentor,010,mentor.010@gov.uk,no,Some role,EO,Department of Mentors,Test biography,Policy,"bisexual, transgender"
mentor,011,mentor.011@gov.uk,no,Some role,EO,Department of Mentors,Test biography,Policy,"bisexual, transgender"
mentor,012,mentor.012@gov.uk,no,Some role,EO,Department of Mentors,Test biography,Policy,"bisexual, transgender"
mentor,013,mentor.013@gov.uk,no,Some role,EO,Department of Mentors,Test biography,Policy,"bisexual, transgender"
mentor,014,mentor.014@gov.uk,no,Some role,EO,Department of Mentors,Test biography,Policy,"bisexual, transgender"
mentor,015,mentor.015@gov.uk,no,Some role,EO,Department of Mentors,Test biography,Policy,"bisexual, transgender"
mentor,016,mentor.016@gov.uk,no,Some role,EO,Department of Mentors,Test biography,Policy,"bisexual, transgender"
mentor,017,mentor.017@gov.uk,no,Some role,EO,Department of Mentors,Test biography,Policy,"bisexual, transgender"
mentor,018,mentor.018@gov.uk,no,Some role,EO,Department of Mentors,Test biography,Policy,"bisexual, transgender"
mentor,019,mentor.019@gov.uk,no,Some role,EO,Department of Mentors,Test biography,Policy,"bisexual, transgender"
mentor,020,mentor.020@gov.uk,no,Some role,EO,Department of Mentors,Test biography,Policy,"bisexual, transgender"
mentor,021,mentor.021@gov.uk,no,Some role,EO,Department of Mentors,Test biography,Policy,"bisexual, transgender"
mentor,022,mentor.022@gov.uk,no,Some role,EO,Department of Mentors,Test biography,Policy,"bisexual, transgender"
mentor,023,mentor.023@gov.uk,no,Some role,EO,Department of Mentors,Test biography,Policy,"bisexual, transgender"
mentor,024,mentor.024@gov.uk,no,Some role,EO,Department of Mentors,Test biography,Policy,"bisexual, transgender"
mentor,025,mentor.025@gov.uk,no,Some role,EO,Department of Mentors,Test biography,Policy,"bisexual, transgender"
mentor,026,mentor.026@gov.uk,no,Some role,EO,Department of Mentors,Test biography,Policy,"bisexual, transgender"
mentor,027,mentor.027@gov.uk,no,Some role,EO,Department of Mentors,Test biography,Policy,"bisexual, transgender"
mentor,028,mentor.028@gov.uk,no,Some role,EO,Department of Mentors,Test biography,Policy,"bisexual, transgender"
mentor,029,mentor.029@gov.uk,no,Some role,EO,Department of Mentors,Test biography,Policy,"bisexual, transgender"
mentor,030,mentor.030@gov.uk,no,Some role,EO,Department of Mentors,Test biography,Policy,"bisexual, transgender"
mentor,031,mentor.031@gov.uk,no,Some role,EO,Department of Mentors,Test biography,Policy,"bisexual, transgender"
mentor,032,mentor.032@gov.uk,no,Some role,EO,Department of Mentors,Test biography,Policy,"bisexual, transgender"
mentor,033,mentor.033@gov.uk,no,Some role,EO,Department of Mentors,Test biography,Policy,"bisexual, transgender"
mentor,034,mentor.034@gov.uk,no,Some role,EO,Department of Mentors,Test biography,Policy,"bisexual, transgender"
mentor,035,mentor.035@gov.uk,no,Some role,EO,Department of Mentors,Test biography,Policy,"bisexual, transgender"
mentor,036,mentor.036@gov.uk,no,Some role,EO,Department of Mentors,Test biography,Policy,"bisexual, transgender"
mentor,037,mentor.037@gov.uk,no,Some role,EO,Department of Mentors,Test biography,Policy,"bisexual, transgender"
mentor,038,mentor.038@gov.uk,no,Some role,EO,Department of Mentors,Test biography,Policy,"bisexual, transgender"
mentor,039,mentor.039@gov.uk,no,Some role,EO,Department of Mentors,Test biography,Policy,"bisexual, transgender"
mentor,040,mentor.040@gov.uk,no,Some role,EO,Department of Mentors,Test biography,Policy,"bisexual, transgender"
mentor,041,mentor.041@gov.uk,no,Some role,EO,Department of Mentors,Test biography,Policy,"bisexual, transgender"
mentor,042,mentor.042@gov.uk,no,Some role,EO,Department of Mentors,Test biography,Policy,"bisexual, transgender"
mentor,043,mentor.043@gov.uk,no,Some role,EO,Department of Mentors,Test biography,Policy,"bisexual, transgender"
mentor,044,mentor.044@gov.uk,no,Some role,EO,Department of Mentors,Test biography,Policy,"bisexual, transgender"
mentor,045,mentor.045@gov.uk,no,Some role,EO,Department of Mentors,Test biography,Policy,"bisexual, transgender"
mentor,046,mentor.046@gov.uk,no,Some role,EO,Department of Mentors,Test biography,Policy,"bisexual, transgender"
mentor,047,mentor.047@gov.uk,no,Some role,EO,Department of Mentors,Test biography,Policy,"bisexual, transgender"
mentor,048,mentor.048@gov.uk,no,Some role,EO,Department of Mentors,Test biography,Policy,"bisexual, transgender"
mentor,049,mentor.049@gov.uk,no,Some role,EO,Department of Mentors,Test biography,Policy,"bisexual, transgender"
mentor,050,mentor.050@gov.uk,no,Some role,EO,Department of Mentors,Test biography,Policy,"bisexual, transgender"
mentor,051,mentor.051@gov.uk,no,Some role,EO,Department of Mentors,Test biography,Policy,"bisexual, transgender"
mentor,052,mentor.052@gov.uk,no,Some role,EO,Department of Mentors,Test biography,Policy,"bisexual, transgender"
mentor,053,mentor.053@gov.uk,no,Some role,EO,Department of Mentors,Test biography,Policy,"bisexual, transgender"
mentor,054,mentor.054@gov.uk,no,Some role,EO,Department of Mentors,Test biography,Policy,"bisexual, transgender"
mentor,055,mentor.055@gov.uk,no,Some role,EO,Department of Mentors,Test biography,Policy,"bisexual, transgender"
mentor,056,mentor.056@gov.uk,no,Some role,EO,Department of Mentors,Test biography,Policy,"bisexual, transgender"
mentor,057,mentor.057@gov.uk,no,Some role,EO,Department of Mentors,Test biography,Policy,"bisexual, transgender"
mentor,058,mentor.058@gov.uk,no,Some role,EO,Department of Mentors,Test biography,Policy,"bisexual, transgender"
mentor,059,mentor.059@gov.uk,no,Some role,EO,Department of Mentors,Test biography,Policy,"bisexual, transgender"
mentor,060,mentor.060@gov.uk,no,Some role,EO,Department of Mentors,Test biography,Policy,"bisexual, transgender"
mentor,061,mentor.061@gov.uk,no,Some role,EO,Department of Mentors,Test biography,Policy,"bisexual, transgender"
mentor,062,mentor.062@gov.uk,no,Some role,EO,Department of Mentors,Test biography,Policy,"bisexual, transgender"
mentor,063,mentor.063@gov.uk,no,Some role,EO,Department of Mentors,Test biography,Policy,"bisexual, transgender"
mentor,064,mentor.064@gov.uk,no,Some role,EO,Department of Mentors,Test biography,Policy,"bisexual, transgender"
mentor,065,mentor.065@gov.uk,no,Some role,EO,Department of Mentors,Test biography,Policy,"bisexual, transgender"
mentor,066,mentor.066@gov.uk,no,Some role,EO,Department of Mentors,Test biography,Policy,"bisexual, transgender"
mentor,067,mentor.067@gov.uk,no,Some role,EO,Department of Mentors,Test biography,Policy,"bisexual, transgender"
mentor,068,mentor.068@gov.uk,no,Some role,EO,Department of Mentors,Test biography,Policy,"bisexual, transgender"
mentor,069,mentor.069@gov.uk,no,Some role,EO,Department of Mentors,Test biography,Policy,"bisexual, transgender"
mentor,070,mentor.070@gov.uk,no,Some role,EO,Department of Mentors,Test biography,Policy,"bisexual, transgender"
mentor,071,mentor.071@gov.uk,no,Some role,EO,Department of Mentors,Test biography,Policy,"bisexual, transgender"
mentor,072,mentor.072@gov.uk,no,Some role,EO,Department of Mentors,Test biography,Policy,"bisexual, transgender"
mentor,073,mentor.073@gov.uk,no,Some role,EO,Department of Mentors,Test biography,Policy,"bisexual, transgender"
mentor,074,mentor.074@gov.uk,no,Some role,EO,Department of Mentors,Test biography,Policy,"bisexual, transgender"
mentor,075,mentor.075@gov.uk,no,Some role,EO,Department of Mentors,Test biography,Policy,"bisexual, transgender"
mentor,076,mentor.076@gov.uk,no,Some role,EO,Department of Mentors,Test biography,Policy,"bisexual, transgender"
mentor,077,mentor.077@gov.uk,no,Some role,EO,Department of Mentors,Test biography,Policy,"bisexual, transgender"
mentor,078,mentor.078@gov.uk,no,Some role,EO,Department of Mentors,Test biography,Policy,"bisexual, transgender"
mentor,079,mentor.079@gov.uk,no,Some role,EO,Department of Mentors,Test biography,Policy,"bisexual, transgender"
mentor,080,mentor.080@gov.uk,no,Some role,EO,Department of Mentors,Test biography,Policy,"bisexual, transgender"
mentor,081,mentor.081@gov.uk,no,Some role,EO,Department of Mentors,Test biography,Policy,"bisexual, transgender"
mentor,082,mentor.082@gov.uk,no,Some role,EO,Department of Mentors,Test biography,Policy,"bisexual, transgender"
mentor,083,mentor.083@gov.uk,no,Some role,EO,Department of Mentors,Test biography,Policy,"bisexual, transgender"
mentor,084,mentor.084@gov.uk,no,Some role,EO,Department of Mentors,Test biography,Policy,"bisexual, transgender"
mentor,085,mentor.085@gov.uk,no,Some role,EO,Department of Mentors,Test biography,Policy,"bisexual, transgender"
mentor,086,mentor.086@gov.uk,no,Some role,EO,Department of Mentors,Test biography,Policy,"bisexual, transgender"
mentor,087,mentor.087@gov.uk,no,Some role,EO,Department of Mentors,Test biography,Policy,"bisexual, transgender"
mentor,088,mentor.088@gov.uk,no,Some role,EO,Department of Mentors,Test biography,Policy,"bisexual, transgender"
mentor,089,mentor.089@gov.uk,no,Some role,EO,Department of Mentors,Test biography,Policy,"bisexual, transgender"
mentor,090,mentor.090@gov.uk,no,Some role,EO,Department of Mentors,Test biography,Policy,"bisexual, transgender"
mentor,091,mentor.091@gov.uk,no,Some role,EO,Department of Mentors,Test biography,Policy,"bisexual, transgender"
mentor,092,mentor.092@gov.uk,no,Some role,EO,Department of Mentors,Test biography,Policy,"bisexual, transgender"
mentor,093,mentor.093@gov.uk,no,Some role,EO,Department of Mentors,Test biography,Policy,"bisexual, transgender"
mentor,094,mentor.094@gov.uk,no,Some role,EO,Department of Mentors,Test biography,Policy,"bisexual, transgender"
mentor,095,mentor.095@gov.uk,no,Some role,EO,Department of Mentors,Test biography,Policy,"bisexual, transgender"
mentor,096,mentor.096@gov.uk,no,Some role,EO,Department of Mentors,Test biography,Policy,"bisexual, transgender"
mentor,097,mentor.097@gov.uk,no,Some role,EO,Department of Mentors,Test biography,Policy,"bisexual, transgender"
mentor,098,mentor.098@gov.uk,no,Some role,EO,Department of Mentors,Test biography,Policy,"bisexual, transgender"
mentor,099,mentor.099@gov.uk,no,Some role,EO,Department of Mentors,Test biography,Policy,"bisexual, transgender"
mentor,100,mentor.100@gov.uk,no,Some role,EO,Department of Mentors,Test biography,Policy,"bisexual, transgender"
mentor,101,mentor.101@gov.uk,no,Some role,EO,Department of Mentors,Test biography,Policy,"bisexual, transgender"
mentor,102,mentor.102@gov.uk,no,Some role,EO,Department of Mentors,Test biography,Policy,"bisexual, transgender"
mentor,103,mentor.103@gov.uk,no,Some role,EO,Department of Mentors,Test biography,Policy,"bisexual, transgender"
mentor,104,mentor.104@gov.uk,no,Some role,EO,Department of Mentors,Test biography,Policy,"bisexual, transgender"
mentor,105,mentor.105@gov.uk,no,Some role,EO,Department of Mentors,Test biography,Policy,"bisexual, transgender"
mentor,106,mentor.106@gov.uk,no,Some role,EO,Department of Mentors,Test biography,Policy,"bisexual, transgender"
mentor,107,mentor.107@gov.uk,no,Some role,EO,Department of Mentors,Test biography,Policy,"bisexual, transgender"
mentor,108,mentor.108@gov.uk,no,Some role,EO,Department of Mentors,Test biography,Policy,"bisexual, transgender"
mentor,109,mentor.109@gov.uk,no,Some role,EO,Department of Mentors,Test biography,Policy,"bisexual, transgender"
mentor,110,mentor.110@gov.uk,no,Some role,EO,Department of Mentors,Test biography,Policy,"bisexual, transgender"
mentor,111,mentor.111@gov.uk,no,Some role,EO,Department of Mentors,Test biography,Policy,"bisexual, transgender"
mentor,112,mentor.112@gov.uk,no,Some role,EO,Department of Mentors,Test biography,Policy,"bisexual, transgender"
mentor,113,mentor.113@gov.uk,no,Some role,EO,Department of Mentors,Test biography,Policy,"bisexual, transgender"
mentor,114,mentor.114@gov.uk,no,Some role,EO,Department of Mentors,Test biography,Policy,"bisexual, transgender"
mentor,115,mentor.115@gov.uk,no,Some role,EO,Department of Mentors,Test biography,Policy,"bisexual, transgender"
mentor,116,mentor.116@gov.uk,no,Some role,EO,Department of Mentors,Test biography,Policy,"bisexual, transgender"
mentor,117,mentor.117@gov.uk,no,Some role,EO,Department of Mentors,Test biography,Policy,"bisexual, transgender"
mentor,118,mentor.118@gov.uk,no,Some role,EO,Department of Mentors,Test biography,Policy,"bisexual, transgender"
mentor,119,mentor.119@gov.uk,no,Some role,EO,Department of Mentors,Test biography,Policy,"bisexual, transgender"
mentor,120,mentor.120@gov.uk,no,Some role,EO,Department of Mentors,Test biography,Policy,"bisexual, transgender"
mentor,121,mentor.121@gov.uk,no,Some role,EO,Department of Mentors,Test biography,Policy,"bisexual, transgender"
mentor,122,mentor.122@gov.uk,no,Some role,EO,Department of Mentors,Test biography,Policy,"bisexual, transgender"
mentor,123,mentor.123@gov.uk,no,Some role,EO,Department of Mentors,Test biography,Policy,"bisexual, transgender"
mentor,124,mentor.124@gov.uk,no,Some role,EO,Department of Mentors,Test biography,Policy,"bisexual, transgender"
mentor,125,mentor.125@gov.uk,no,Some role,EO,Department of Mentors,Test biography,Policy,"bisexual, transgender"
mentor,126,mentor.126@gov.uk,no,Some role,EO,Department of Mentors,Test biography,Policy,"bisexual, transgender"
mentor,127,mentor.127@gov.uk,no,Some role,EO,Department of Mentors,Test biography,Policy,"bisexual, transgender"
mentor,128,mentor.128@gov.uk,no,Some role,EO,Department of Mentors,Test biography,Policy,"bisexual, transgender"
mentor,129,mentor.129@gov.uk,no,Some role,EO,Department of Mentors,Test biography,Policy,"bisexual, transgender"
mentor,130,mentor.130@gov.uk,no,Some role,EO,Department of Mentors,Test biography,Policy,"bisexual, transgender"
mentor,131,mentor.131@gov.uk,no,Some role,EO,Department of Mentors,Test biography,Policy,"bisexual, transgender"
mentor,132,mentor.132@gov.uk,no,Some role,EO,Department of Mentors,Test biography,Policy,"bisexual, transgender"
mentor,133,mentor.133@gov.uk,no,Some role,EO,Department of Mentors,Test biography,Policy,"bisexual, transgender"
mentor,134,mentor.134@gov.uk,no,Some role,EO,Department of Mentors,Test biography,Policy,"bisexual, transgender"
mentor,135,mentor.135@gov.uk,no,Some role,EO,Department of Mentors,Test biography,Policy,"bisexual, transgender"
mentor,136,mentor.136@gov.uk,no,Some role,EO,Department of Mentors,Test biography,Policy,"bisexual, transgender"
mentor,137,mentor.137@gov.uk,no,Some role,EO,Department of Mentors,Test biography,Policy,"bisexual, transgender"
mentor,138,mentor.138@gov.uk,no,Some role,EO,Department of Mentors,Test biography,Policy,"bisexual, transgender"
mentor,139,mentor.139@gov.uk,no,Some role,EO,Department of Mentors,Test biography,Policy,"bisexual, transgender"
mentor,140,mentor.140@gov.uk,no,Some role,EO,Department of Mentors,Test biography,Policy,"bisexual, transgender"
mentor,141,mentor.141@gov.uk,no,Some role,EO,Department of Mentors,Test biography,Policy,"bisexual, transgender"
mentor,142,mentor.142@gov.uk,no,Some role,EO,Department of Mentors,Test biography,Policy,"bisexual, transgender"
mentor,143,mentor.143@gov.uk,no,Some role,EO,Department of Mentors,Test biography,Policy,"bisexual, transgender"
mentor,144,mentor.144@gov.uk,no,Some role,EO,Department of Mentors,Test biography,Policy,"bisexual, transgender"
mentor,145,mentor.145@gov.uk,no,Some role,EO,Department of Mentors,Test biography,Policy,"bisexual, transgender"
mentor,146,mentor.146@gov.uk,no,Some role,EO,Department of Mentors,Test biography,Policy,"bisexual, transgender"
mentor,147,mentor.147@gov.uk,no,Some role,EO,Department of Mentors,Test biography,Policy,"bisexual, transgender"
mentor,148,mentor.148@gov.uk,no,Some role,EO,Department of Mentors,Test biography,Policy,"bisexual, transgender"
mentor,149,mentor.149@gov.uk,no,Some role,EO,Department of Mentors,Test biography,Policy,"bisexual, transgender"
mentor,150,mentor.150@gov.uk,no,Some role,EO,Department of Mentors,Test biography,Policy,"bisexual, transgender"
mentor,151,mentor.151@gov.uk,no,Some role,EO,Department of Mentors,Test biography,Policy,"bisexual, transgender"
mentor,152,mentor.152@gov.uk,no,Some role,EO,Department of Mentors,Test biography,Policy,"bisexual, transgender"
mentor,153,mentor.153@gov.uk,no,Some role,EO,Department of Mentors,Test biography,Policy,"bisexual, transgender"
mentor,154,mentor.154@gov.uk,no,Some role,EO,Department of Mentors,Test biography,Policy,"bisexual, transgender"
mentor,155,mentor.155@gov.uk,no,Some role,EO,Department of Mentors,Test biography,Policy,"bisexual, transgender"
mentor,156,mentor.156@gov.uk,no,Some role,EO,Department of Mentors,Test biography,Policy,"bisexual, transgender"
mentor,157,mentor.157@gov.uk,no,Some role,EO,Department of Mentors,Test biography,Policy,"bisexual, transgender"
mentor,158,mentor.158@gov.uk,no,Some role,EO,Department of Mentors,Test biography,Policy,"bisexual, transgender"
mentor,159,mentor.159@gov.uk,no,Some role,EO,Department of Mentors,Test biography,Policy,"bisexual, transgender"
mentor,160,mentor.160@gov.uk,no,Some role,EO,Department of Mentors,Test biography,Policy,"bisexual, transgender"
mentor,161,mentor.161@gov.uk,no,Some role,EO,Department of Mentors,Test biography,Policy,"bisexual, transgender"
mentor,162,mentor.162@gov.uk,no,Some role,EO,Department of Mentors,Test biography,Policy,"bisexual, transgender"
mentor,163,mentor.163@gov.uk,no,Some role,EO,Department of Mentors,Test biography,Policy,"bisexual, transgender"
mentor,164,mentor.164@gov.uk,no,Some role,EO,Department of Mentors,Test biography,Policy,"bisexual, transgender"
mentor,165,mentor.165@gov.uk,no,Some role,EO,Department of Mentors,Test biography,Policy,"bisexual, transgender"
mentor,166,mentor.166@gov.uk,no,Some role,EO,Department of Mentors,Test biography,Policy,"bisexual, transgender"
mentor,167,mentor.167@gov.uk,no,Some role,EO,Department of Mentors,Test biography,Policy,"bisexual, transgender"
mentor,168,mentor.168@gov.uk,no,Some role,EO,Department of Mentors,Test biography,Policy,"bisexual, transgender"
mentor,169,mentor.169@gov.uk,no,Some role,EO,Department of Mentors,Test biography,Policy,"bisexual, transgender"
mentor,170,mentor.170@gov.uk,no,Some role,EO,Department of Mentors,Test biography,Policy,"bisexual, transgender"
mentor,171,mentor.171@gov.uk,no,Some role,EO,Department of Mentors,Test biography,Policy,"bisexual, transgender"
mentor,172,mentor.172@gov.uk,no,Some role,EO,Department of Mentors,Test biography,Policy,"bisexual, transgender"
mentor,173,mentor.173@gov.uk,no,Some role,EO,Department of Mentors,Test biography,Policy,"bisexual, transgender"
mentor,174,mentor.174@gov.uk,no,Some role,EO,Department of Mentors,Test biography,Policy,"bisexual, transgender"
mentor,175,mentor.175@gov.uk,no,Some role,EO,Department of Mentors,Test biography,Policy,"bisexual, transgender"
mentor,176,mentor.176@gov.uk,no,Some role,EO,Department of Mentors,Test biography,Policy,"bisexual, transgender"
mentor,177,mentor.177@gov.uk,no,Some role,EO,Department of Mentors,Test biography,Policy,"bisexual, transgender"
mentor,178,mentor.178@gov.uk,no,Some role,EO,Department of Mentors,Test biography,Policy,"bisexual, transgender"
mentor,179,mentor.179@gov.uk,no,Some role,EO,Department of Mentors,Test biography,Policy,"bisexual, transgender"
mentor,180,mentor.180@gov.uk,no,Some role,EO,Department of Mentors,Test biography,Policy,"bisexual, transgender"
mentor,181,mentor.181@gov.uk,no,Some role,EO,Department of Mentors,Test biography,Policy,"bisexual, transgender"
mentor,182,mentor.182@gov.uk,no,Some role,EO,Department of Mentors,Test biography,Policy,"bisexual, transgender"
mentor,183,mentor.183@gov.uk,no,Some role,EO,Department of Mentors,Test biography,Policy,"bisexual, transgender"
mentor,184,mentor.184@gov.uk,no,Some role,EO,Department of Mentors,Test biography,Policy,"bisexual, transgender"
mentor,185,mentor.185@gov.uk,no,Some role,EO,Department of Mentors,Test biography,Policy,"bisexual, transgender"
mentor,186,mentor.186@gov.uk,no,Some role,EO,Department of Mentors,Test biography,Policy,"bisexual, transgender"
mentor,187,mentor.187@gov.uk,no,Some role,EO,Department of Mentors,Test biography,Policy,"bisexual, transgender"
mentor,188,mentor.188@gov.uk,no,Some role,EO,Department of Mentors,Test biography,Policy,"bisexual, transgender"
mentor,189,mentor.189@gov.uk,no,Some role,EO,Department of Mentors,Test biography,Policy,"bisexual, transgender"
mentor,190,mentor.190@gov.uk,no,Some role,EO,Department of Mentors,Test biography,Policy,"bisexual, transgender"
mentor,191,mentor.191@gov.uk,no,Some role,EO,Department of Mentors,Test biography,Policy,"bisexual, transgender"
mentor,192,mentor.192@gov.uk,no,Some role,EO,Department of Mentors,Test biography,Policy,"bisexual, transgender"
mentor,193,mentor.193@gov.uk,no,Some role,EO,Department of Mentors,Test biography,Policy,"bisexual, transgender"
mentor,194,mentor.194@gov.uk,no,Some role,EO,Department of Mentors,Test biography,Policy,"bisexual, transgender"
mentor,195,mentor.195@gov.uk,no,Some role,EO,Department of Mentors,Test biography,Policy,"bisexual, transgender"
mentor,196,mentor.196@gov.uk,no,Some role,EO,Department of Mentors,Test biography,Policy,"bisexual, transgender"
mentor,197,mentor.197@gov.uk,no,Some role,EO,Department of Mentors,Test biography,Policy,"bisexual, transgender"
mentor,198,mentor.198@gov.uk,no,Some role,EO,Department of Mentors,Test biography,Policy,"bisexual, transgender"
mentor,199,mentor.199@gov.uk,no,Some role,EO,Department of Mentors,Test biography,Policy,"bisexual, transgender"
mentor,200,mentor.200@gov.uk,no,Some role,EO,Department of Mentors,Test biography,Policy,"bisexual, transgender"
mentor,201,mentor.201@gov.uk,no,Some role,EO,Department of Mentors,Test biography,Policy,"bisexual, transgender"
mentor,202,mentor.202@gov.uk,no,Some role,EO,Department of Mentors,Test biography,Policy,"bisexual, transgender"
mentor,203,mentor.203@gov.uk,no,Some role,EO,Department of Mentors,Test biography,Policy,"bisexual, transgender"
mentor,204,mentor.204@gov.uk,no,Some role,EO,Department of Mentors,Test biography,Policy,"bisexual, transgender"
mentor,205,mentor.205@gov.uk,no,Some role,EO,Department of Mentors,Test biography,Policy,"bisexual, transgender"
mentor,206,mentor.206@gov.uk,no,Some role,EO,Department of Mentors,Test biography,Policy,"bisexual, transgender"
mentor,207,mentor.207@gov.uk,no,Some role,EO,Department of Mentors,Test biography,Policy,"bisexual, transgender"
mentor,208,mentor.208@gov.uk,no,Some role,EO,Department of Mentors,Test biography,Policy,"bisexual, transgender"
mentor,209,mentor.209@gov.uk,no,Some role,EO,Department of Mentors,Test biography,Policy,"bisexual, transgender"
mentor,210,mentor.210@gov.uk,no,Some role,EO,Department of Mentors,Test biography,Policy,"bisexual, transgender"
mentor,211,mentor.211@gov.uk,no,Some role,EO,Department of Mentors,Test biography,Policy,"bisexual, transgender"
mentor,212,mentor.212@gov.uk,no,Some role,EO,Department of Mentors,Test biography,Policy,"bisexual, transgender"
mentor,213,mentor.213@gov.uk,no,Some role,EO,Department of Mentors,Test biography,Policy,"bisexual, transgender"
mentor,214,mentor.214@gov.uk,no,Some role,EO,Department of Mentors,Test biography,Policy,"bisexual, transgender"
mentor,215,mentor.215@gov.uk,no,Some role,EO,Department of Mentors,Test biography,Policy,"bisexual, transgender"
mentor,216,mentor.216@gov.uk,no,Some role,EO,Department of Mentors,Test biography,Policy,"bisexual, transgender"
mentor,217,mentor.217@gov.uk,no,Some role,EO,Department of Mentors,Test biography,Policy,"bisexual, transgender"
mentor,218,mentor.218@gov.uk,no,Some role,EO,Department of Mentors,Test biography,Policy,"bisexual, transgender"
mentor,219,mentor.219@gov.uk,no,Some role,EO,Department of Mentors,Test biography,Policy,"bisexual, transgender"
mentor,220,mentor.220@gov.uk,no,Some role,EO,Department of Mentors,Test biography,Policy,"bisexual, transgender"
mentor,221,mentor.221@gov.uk,no,Some role,EO,Department of Mentors,Test biography,Policy,"bisexual, transgender"
mentor,222,mentor.222@gov.uk,no,Some role,EO,Department of Mentors,Test biography,Policy,"bisexual, transgender"
mentor,223,mentor.223@gov.uk,no,Some role,EO,Department of Mentors,Test biography,Policy,"bisexual, transgender"
mentor,224,mentor.224@gov.uk,no,Some role,EO,Department of Mentors,Test biography,Policy,"bisexual, transgender"
mentor,225,mentor.225@gov.uk,no,Some role,EO,Department of Mentors,Test biography,Policy,"bisexual, transgender"
mentor,226,mentor.226@gov.uk,no,Some role,EO,Department of Mentors,Test biography,Policy,"bisexual, transgender"
mentor,227,mentor.227@gov.uk,no,Some role,EO,Department of Mentors,Test biography,Policy,"bisexual, transgender"
mentor,228,mentor.228@gov.uk,no,Some role,EO,Department of Mentors,Test biography,Policy,"bisexual, transgender"
mentor,229,mentor.229@gov.uk,no,Some role,EO,Department of Mentors,Test biography,Policy,"bisexual, transgender"
mentor,230,mentor.230@gov.uk,no,Some role,EO,Department of Mentors,Test biography,Policy,"bisexual, transgender"
mentor,231,mentor.231@gov.uk,no,Some role,EO,Department of Mentors,Test biography,Policy,"bisexual, transgender"
mentor,232,mentor.232@gov.uk,no,Some role,EO,Department of Mentors,Test biography,Policy,"bisexual, transgender"
mentor,233,mentor.233@gov.uk,no,Some role,EO,Department of Mentors,Test biography,Policy,"bisexual, transgender"
mentor,234,mentor.234@gov.uk,no,Some role,EO,Department of Mentors,Test biography,Policy,"bisexual, transgender"
mentor,235,mentor.235@gov.uk,no,Some role,EO,Department of Mentors,Test biography,Policy,"bisexual, transgender"
mentor,236,mentor.236@gov.uk,no,Some role,EO,Department of Mentors,Test biography,Policy,"bisexual, transgender"
mentor,237,mentor.237@gov.uk,no,Some role,EO,Department of Mentors,Test biography,Policy,"bisexual, transgender"
mentor,238,mentor.238@gov.uk,no,Some role,EO,Department of Mentors,Test biography,Policy,"bisexual, transgender"
mentor,239,mentor.239@gov.uk,no,Some role,EO,Department of Mentors,Test biography,Policy,"bisexual, transgender"
mentor,240,mentor.240@gov.uk,no,Some role,EO,Department of Mentors,Test biography,Policy,"bisexual, transgender"
mentor,241,mentor.241@gov.uk,no,Some role,EO,Department of Mentors,Test biography,Policy,"bisexual, transgender"
mentor,242,mentor.242@gov.uk,no,Some role,EO,Department of Mentors,Test biography,Policy,"bisexual, transgender"
mentor,243,mentor.243@gov.uk,no,Some role,EO,Department of Mentors,Test biography,Policy,"bisexual, transgender"
mentor,244,mentor.244@gov.uk,no,Some role,EO,Department of Mentors,Test biography,Policy,"bisexual, transgender"
mentor,245,mentor.245@gov.uk,no,Some role,EO,Department of Mentors,Test biography,Policy,"bisexual, transgender"
mentor,246,mentor.246@gov.uk,no,Some role,EO,Department of Mentors,Test biography,Policy,"bisexual, transgender"
mentor,247,mentor.247@gov.uk,no,Some role,EO,Department of Mentors,Test biography,Policy,"bisexual, transgender"
mentor,248,mentor.248@gov.uk,no,Some role,EO,Department of Mentors,Test biography,Policy,"bisexual, transgender"
mentor,249,mentor.249@gov.uk,no,Some role,EO,Department of Mentors,Test biography,Policy,"bisexual, transgender"
mentor,250,mentor.250@gov.uk,no,Some role,EO,Department of Mentors,Test biography,Policy,"bisexual, transgender"
mentor,251,mentor.251@gov.uk,no,Some role,EO,Department of Mentors,Test biography,Policy,"bisexual, transgender"
mentor,252,mentor.252@gov.uk,no,Some role,EO,Department of Mentors,Test biography,Policy,"bisexual, transgender"
mentor,253,mentor.253@gov.uk,no,Some role,EO,Department of Mentors,Test biography,Policy,"bisexual, transgender"
mentor,254,mentor.254@gov.uk,no,Some role,EO,Department of Mentors,Test biography,Policy,"bisexual, transgender"
mentor,255,mentor.255@gov.uk,no,Some role,EO,Department of Mentors,Test biography,Policy,"bisexual, transgender"
mentor,256,mentor.256@gov.uk,no,Some role,EO,Department of Mentors,Test biography,Policy,"bisexual, transgender"
mentor,257,mentor.257@gov.uk,no,Some role,EO,Department of Mentors,Test biography,Policy,"bisexual, transgender"
mentor,258,mentor.258@gov.uk,no,Some role,EO,Department of Mentors,Test biography,Policy,"bisexual, transgender"
mentor,259,mentor.259@gov.uk,no,Some role,EO,Department of Mentors,Test biography,Policy,"bisexual, transgender"
mentor,260,mentor.260@gov.uk,no,Some role,EO,Department of Mentors,Test biography,Policy,"bisexual, transgender"
mentor,261,mentor.261@gov.uk,no,Some role,EO,Department of Mentors,Test biography,Policy,"bisexual, transgender"
mentor,262,mentor.262@gov.uk,no,Some role,EO,Department of Mentors,Test biography,Policy,"bisexual, transgender"
mentor,263,mentor.263@gov.uk,no,Some role,EO,Department of Mentors,Test biography,Policy,"bisexual, transgender"
mentor,264,mentor.264@gov.uk,no,Some role,EO,Department of Mentors,Test biography,Policy,"bisexual, transgender"
mentor,265,mentor.265@gov.uk,no,Some role,EO,Department of Mentors,Test biography,Policy,"bisexual, transgender"
mentor,266,mentor.266@gov.uk,no,Some role,EO,Department of Mentors,Test biography,Policy,"bisexual, transgender"
mentor,267,mentor.267@gov.uk,no,Some role,EO,Department of Mentors,Test biography,Policy,"bisexual, transgender"
mentor,268,mentor.268@gov.uk,no,Some role,EO,Department of Mentors,Test biography,Policy,"bisexual, transgender"
mentor,269,mentor.269@gov.uk,no,Some role,EO,Department of Mentors,Test biography,Policy,"bisexual, transgender"
mentor,270,mentor.270@gov.uk,no,Some role,EO,Department of Mentors,Test biography,Policy,"bisexual, transgender"
mentor,271,mentor.271@gov.uk,no,Some role,EO,Department of Mentors,Test biography,Policy,"bisexual, transgender"
mentor,272,mentor.272@gov.uk,no,Some role,EO,Department of Mentors,Test biography,Policy,"bisexual, transgender"
mentor,273,mentor.273@gov.uk,no,Some role,EO,Department of Mentors,Test biography,Policy,"bisexual, transgender"
mentor,274,mentor.274@gov.uk,no,Some role,EO,Department of Mentors,Test biography,Policy,"bisexual, transgender"
mentor,275,mentor.275@gov.uk,no,Some role,EO,Department of Mentors,Test biography,Policy,"bisexual, transgender"
mentor,276,mentor.276@gov.uk,no,Some role,EO,Department of Mentors,Test biography,Policy,"bisexual, transgender"
mentor,277,mentor.277@gov.uk,no,Some role,EO,Department of Mentors,Test biography,Policy,"bisexual, transgender"
mentor,278,mentor.278@gov.uk,no,Some role,EO,Department of Mentors,Test biography,Policy,"bisexual, transgender"
mentor,279,mentor.279@gov.uk,no,Some role,EO,Department of Mentors,Test biography,Policy,"bisexual, transgender"
mentor,280,mentor.280@gov.uk,no,Some role,EO,Department of Mentors,Test biography,Policy,"bisexual, transgender"
mentor,281,mentor.281@gov.uk,no,Some role,EO,Department of Mentors,Test biography,Policy,"bisexual, transgender"
mentor,282,mentor.282@gov.uk,no,Some role,EO,Department of Mentors,Test biography,Policy,"bisexual, transgender"
mentor,283,mentor.283@gov.uk,no,Some role,EO,Department of Mentors,Test biography,Policy,"bisexual, transgender"
mentor,284,mentor.284@gov.uk,no,Some role,EO,Department of Mentors,Test biography,Policy,"bisexual, transgender"
mentor,285,mentor.285@gov.uk,no,Some role,EO,Department of Mentors,Test biography,Policy,"bisexual, transgender"
mentor,286,mentor.286@gov.uk,no,Some role,EO,Department of Mentors,Test biography,Policy,"bisexual, transgender"
mentor,287,mentor.287@gov.uk,no,Some role,EO,Department of Mentors,Test biography,Policy,"bisexual, transgender"
mentor,288,mentor.288@gov.uk,no,Some role,EO,Department of Mentors,Test biography,Policy,"bisexual, transgender"
mentor,289,mentor.289@gov.uk,no,Some role,EO,Department of Mentors,Test biography,Policy,"bisexual, transgender"
mentor,290,mentor.290@gov.uk,no,Some role,EO,Department of Mentors,Test biography,Policy,"bisexual, transgender"
mentor,291,mentor.291@gov.uk,no,Some role,EO,Department of Mentors,Test biography,Policy,"bisexual, transgender"
mentor,292,mentor.292@gov.uk,no,Some role,EO,Department of Mentors,Test biography,Policy,"bisexual, transgender"
mentor,293,mentor.293@gov.uk,no,Some role,EO,Department of Mentors,Test biography,Policy,"bisexual, transgender"
mentor,294,mentor.294@gov.uk,no,Some role,EO,Department of Mentors,Test biography,Policy,"bisexual, transgender"
mentor,295,mentor.295@gov.uk,no,Some role,EO,Department of Mentors,Test biography,Policy,"bisexual, transgender"
mentor,296,mentor.296@gov.uk,no,Some role,EO,Department of Mentors,Test biography,Policy,"bisexual, transgender"
mentor,297,mentor.297@gov.uk,no,Some role,EO,Department of Mentors,Test biography,Policy,"bisexual, transgender"
mentor,298,mentor.298@gov.uk,no,Some role,EO,Department of Mentors,Test biography,Policy,"bisexual, transgender"
mentor,299,mentor.299@gov.uk,no,Some role,EO,Department of Mentors,Test biography,Policy,"bisexual, transgender"
mentor,300,mentor.300@gov.uk,no,Some role,EO,Department of Mentors,Test biography,Policy,"bisexual, transgender"
mentor,301,mentor.301@gov.uk,no,Some role,EO,Department of Mentors,Test biography,Policy,"bisexual, transgender"
mentor,302,mentor.302@gov.uk,no,Some role,EO,Department of Mentors,Test biography,Policy,"bisexual, transgender"
mentor,303,mentor.303@gov.uk,no,Some role,EO,Department of Mentors,Test biography,Policy,"bisexual, transgender"
mentor,304,mentor.304@gov.uk,no,Some role,EO,Department of Mentors,Test biography,Policy,"bisexual, transgender"
mentor,305,mentor.305@gov.uk,no,Some role,EO,Department of Mentors,Test biography,Policy,"bisexual, transgender"
mentor,306,mentor.306@gov.uk,no,Some role,EO,Department of Mentors,Test biography,Policy,"bisexual, transgender"
mentor,307,mentor.307@gov.uk,no,Some role,EO,Department of Mentors,Test biography,Policy,"bisexual, transgender"
mentor,308,mentor.308@gov.uk,no,Some role,EO,Department of Mentors,Test biography,Policy,"bisexual, transgender"
mentor,309,mentor.309@gov.uk,no,Some role,EO,Department of Mentors,Test biography,Policy,"bisexual, transgender"
mentor,310,mentor.310@gov.uk,no,Some role,EO,Department of Mentors,Test biography,Policy,"bisexual, transgender"
mentor,311,mentor.311@gov.uk,no,Some role,EO,Department of Mentors,Test biography,Policy,"bisexual, transgender"
mentor,312,mentor.312@gov.uk,no,Some role,EO,Department of Mentors,Test biography,Policy,"bisexual, transgender"
mentor,313,mentor.313@gov.uk,no,Some role,EO,Department of Mentors,Test biography,Policy,"bisexual, transgender"
mentor,314,mentor.314@gov.uk,no,Some role,EO,Department of Mentors,Test biography,Policy,"bisexual, transgender"
mentor,315,mentor.315@gov.uk,no,Some role,EO,Department of Mentors,Test biography,Policy,"bisexual, transgender"
mentor,316,mentor.316@gov.uk,no,Some role,EO,Department of Mentors,Test biography,Policy,"bisexual, transgender"
mentor,317,mentor.317@gov.uk,no,Some role,EO,Department of Mentors,Test biography,Policy,"bisexual, transgender"
mentor,318,mentor.318@gov.uk,no,Some role,EO,Department of Mentors,Test biography,Policy,"bisexual, transgender"
mentor,319,mentor.319@gov.uk,no,Some role,EO,Department of Mentors,Test biography,Policy,"bisexual, transgender"
mentor,320,mentor.320@gov.uk,no,Some role,EO,Department of Mentors,Test biography,Policy,"bisexual, transgender"
mentor,321,mentor.321@gov.uk,no,Some role,EO,Department of Mentors,Test biography,Policy,"bisexual, transgender"
mentor,322,mentor.322@gov.uk,no,Some role,EO,Department of Mentors,Test biography,Policy,"bisexual, transgender"
mentor,323,mentor.323@gov.uk,no,Some role,EO,Department of Mentors,Test biography,Policy,"bisexual, transgender"
mentor,324,mentor.324@gov.uk,no,Some role,EO,Department of Mentors,Test biography,Policy,"bisexual, transgender"
mentor,325,mentor.325@gov.uk,no,Some role,EO,Department of Mentors,Test biography,Policy,"bisexual, transgender"
mentor,326,mentor.326@gov.uk,no,Some role,EO,Department of Mentors,Test biography,Policy,"bisexual, transgender"
mentor,327,mentor.327@gov.uk,no,Some role,EO,Department of Mentors,Test biography,Policy,"bisexual, transgender"
mentor,328,mentor.328@gov.uk,no,Some role,EO,Department of Mentors,Test biography,Policy,"bisexual, transgender"
mentor,329,mentor.329@gov.uk,no,Some role,EO,Department of Mentors,Test biography,Policy,"bisexual, transgender"
mentor,330,mentor.330@gov.uk,no,Some role,EO,Department of Mentors,Test biography,Policy,"bisexual, transgender"
mentor,331,mentor.331@gov.uk,no,Some role,EO,Department of Mentors,Test biography,Policy,"bisexual, transgender"
mentor,332,mentor.332@gov.uk,no,Some role,EO,Department of Mentors,Test biography,Policy,"bisexual, transgender"
mentor,333,mentor.333@gov.uk,no,Some role,EO,Department of Mentors,Test biography,Policy,"bisexual, transgender"
mentor,334,mentor.334@gov.uk,no,Some role,EO,Department of Mentors,Test biography,Policy,"bisexual, transgender"
mentor,335,mentor.335@gov.uk,no,Some role,EO,Department of Mentors,Test biography,Policy,"bisexual, transgender"
mentor,336,mentor.336@gov.uk,no,Some role,EO,Department of Mentors,Test biography,Policy,"bisexual, transgender"
mentor,337,mentor.337@gov.uk,no,Some role,EO,Department of Mentors,Test biography,Policy,"bisexual, transgender"
mentor,338,mentor.338@gov.uk,no,Some role,EO,Department of Mentors,Test biography,Policy,"bisexual, transgender"
mentor,339,mentor.339@gov.uk,no,Some role,EO,Department of Mentors,Test biography,Policy,"bisexual, transgender"
mentor,340,mentor.340@gov.uk,no,Some role,EO,Department of Mentors,Test biography,Policy,"bisexual, transgender"
mentor,341,mentor.341@gov.uk,no,Some role,EO,Department of Mentors,Test biography,Policy,"bisexual, transgender"
mentor,342,mentor.342@gov.uk,no,Some role,EO,Department of Mentors,Test biography,Policy,"bisexual, transgender"
mentor,343,mentor.343@gov.uk,no,Some role,EO,Department of Mentors,Test biography,Policy,"bisexual, transgender"
mentor,344,mentor.344@gov.uk,no,Some role,EO,Department of Mentors,Test biography,Policy,"bisexual, transgender"
mentor,345,mentor.345@gov.uk,no,Some role,EO,Department of Mentors,Test biography,Policy,"bisexual, transgender"
mentor,346,mentor.346@gov.uk,no,Some role,EO,Department of Mentors,Test biography,Policy,"bisexual, transgender"
mentor,347,mentor.347@gov.uk,no,Some role,EO,Department of Mentors,Test biography,Policy,"bisexual, transgender"
mentor,348,mentor.348@gov.uk,no,Some role,EO,Department of Mentors,Test biography,Policy,"bisexual, transgender"
mentor,349,mentor.349@gov.uk,no,Some role,EO,Department of Mentors,Test biography,Policy,"bisexual, transgender"
mentor,350,mentor.350@gov.uk,no,Some role,EO,Department of Mentors,Test biography,Policy,"bisexual, transgender"
mentor,351,mentor.351@gov.uk,no,Some role,EO,Department of Mentors,Test biography,Policy,"bisexual, transgender"
mentor,352,mentor.352@gov.uk,no,Some role,EO,Department of Mentors,Test biography,Policy,"bisexual, transgender"
mentor,353,mentor.353@gov.uk,no,Some role,EO,Department of Mentors,Test biography,Policy,"bisexual, transgender"
mentor,354,mentor.354@gov.uk,no,Some role,EO,Department of Mentors,Test biography,Policy,"bisexual, transgender"
mentor,355,mentor.355@gov.uk,no,Some role,EO,Department of Mentors,Test biography,Policy,"bisexual, transgender"
mentor,356,mentor.356@gov.uk,no,Some role,EO,Department of Mentors,Test biography,Policy,"bisexual, transgender"
mentor,357,mentor.357@gov.uk,no,Some role,EO,Department of Mentors,Test biography,Policy,"bisexual, transgender"
mentor,358,mentor.358@gov.uk,no,Some role,EO,Department of Mentors,Test biography,Policy,"bisexual, transgender"
mentor,359,mentor.359@gov.uk,no,Some role,EO,Department of Mentors,Test biography,Policy,"bisexual, transgender"
mentor,360,mentor.360@gov.uk,no,Some role,EO,Department of Mentors,Test biography,Policy,"bisexual, transgender"
mentor,361,mentor.361@gov.uk,no,Some role,EO,Department of Mentors,Test biography,Policy,"bisexual, transgender"
mentor,362,mentor.362@gov.uk,no,Some role,EO,Department of Mentors,Test biography,Policy,"bisexual, transgender"
mentor,363,mentor.363@gov.uk,no,Some role,EO,Department of Mentors,Test biography,Policy,"bisexual, transgender"
mentor,364,mentor.364@gov.uk,no,Some role,EO,Department of Mentors,Test biography,Policy,"bisexual, transgender"
mentor,365,mentor.365@gov.uk,no,Some role,EO,Department of Mentors,Test biography,Policy,"bisexual, transgender"
mentor,366,mentor.366@gov.uk,no,Some role,EO,Department of Mentors,Test biography,Policy,"bisexual, transgender"
mentor,367,mentor.367@gov.uk,no,Some role,EO,Department of Mentors,Test biography,Policy,"bisexual, transgender"
mentor,368,mentor.368@gov.uk,no,Some role,EO,Department of Mentors,Test biography,Policy,"bisexual, transgender"
mentor,369,mentor.369@gov.uk,no,Some role,EO,Department of Mentors,Test biography,Policy,"bisexual, transgender"
mentor,370,mentor.370@gov.uk,no,Some role,EO,Department of Mentors,Test biography,Policy,"bisexual, transgender"
mentor,371,mentor.371@gov.uk,no,Some role,EO,Department of Mentors,Test biography,Policy,"bisexual, transgender"
mentor,372,mentor.372@gov.uk,no,Some role,EO,Department of Mentors,Test biography,Policy,"bisexual, transgender"
mentor,373,mentor.373@gov.uk,no,Some role,EO,Department of Mentors,Test biography,Policy,"bisexual, transgender"
mentor,374,mentor.374@gov.uk,no,Some role,EO,Department of Mentors,Test biography,Policy,"bisexual, transgender"
mentor,375,mentor.375@gov.uk,no,Some role,EO,Department of Mentors,Test biography,Policy,"bisexual, transgender"
mentor,376,mentor.376@gov.uk,no,Some role,EO,Department of Mentors,Test biography,Policy,"bisexual, transgender"
mentor,377,mentor.377@gov.uk,no,Some role,EO,Department of Mentors,Test biography,Policy,"bisexual, transgender"
mentor,378,mentor.378@gov.uk,no,Some role,EO,Department of Mentors,Test biography,Policy,"bisexual, transgender"
mentor,379,mentor.379@gov.uk,no,Some role,EO,Department of Mentors,Test biography,Policy,"bisexual, transgender"
mentor,380,mentor.380@gov.uk,no,Some role,EO,Department of Mentors,Test biography,Policy,"bisexual, transgender"
mentor,381,mentor.381@gov.uk,no,Some role,EO,Department of Mentors,Test biography,Policy,"bisexual, transgender"
mentor,382,mentor.382@gov.uk,no,Some role,EO,Department of Mentors,Test biography,Policy,"bisexual, transgender"
mentor,383,mentor.383@gov.uk,no,Some role,EO,Department of Mentors,Test biography,Policy,"bisexual, transgender"
mentor,384,mentor.384@gov.uk,no,Some role,EO,Department of Mentors,Test biography,Policy,"bisexual, transgender"
mentor,385,mentor.385@gov.uk,no,Some role,EO,Department of Mentors,Test biography,Policy,"bisexual, transgender"
mentor,386,mentor.386@gov.uk,no,Some role,EO,Department of Mentors,Test biography,Policy,"bisexual, transgender"
mentor,387,mentor.387@gov.uk,no,Some role,EO,Department of Mentors,Test biography,Policy,"bisexual, transgender"
mentor,388,mentor.388@gov.uk,no,Some role,EO,Department of Mentors,Test biography,Policy,"bisexual, transgender"
mentor,389,mentor.389@gov.uk,no,Some role,EO,Department of Mentors,Test biography,Policy,"bisexual, transgender"
mentor,390,mentor.390@gov.uk,no,Some role,EO,Department of Mentors,Test biography,Policy,"bisexual, transgender"
mentor,391,mentor.391@gov.uk,no,Some role,EO,Department of Mentors,Test biography,Policy,"bisexual, transgender"
mentor,392,mentor.392@gov.uk,no,Some role,EO,Department of Mentors,Test biography,Policy,"bisexual, transgender"
mentor,393,mentor.393@gov.uk,no,Some role,EO,Department of Mentors,Test biography,Policy,"bisexual, transgender"
mentor,394,mentor.394@gov.uk,no,Some role,EO,Department of Mentors,Test biography,Policy,"bisexual, transgender"
mentor,395,mentor.395@gov.uk,no,Some role,EO,Department of Mentors,Test biography,Policy,"bisexual, transgender"
mentor,396,mentor.396@gov.uk,no,Some role,EO,Department of Mentors,Test biography,Policy,"bisexual, transgender"
mentor,397,mentor.397@gov.uk,no,Some role,EO,Department of Mentors,Test biography,Policy,"bisexual, transgender"
mentor,398,mentor.398@gov.uk,no,Some role,EO,Department of Mentors,Test biography,Policy,"bisexual, transgender"
mentor,399,mentor.399@gov.uk,no,Some role,EO,Department of Mentors,Test biography,Policy,"bisexual, transgender"
mentor,400,mentor.400@gov.uk,no,Some role,EO,Department of Mentors,Test biography,Policy,"bisexual, transgender"
mentor,401,mentor.401@gov.uk,no,Some role,EO,Department of Mentors,Test biography,Policy,"bisexual, transgender"
mentor,402,mentor.402@gov.uk,no,Some role,EO,Department of Mentors,Test biography,Policy,"bisexual, transgender"
mentor,403,mentor.403@gov.uk,no,Some role,EO,Department of Mentors,Test biography,Policy,"bisexual, transgender"
mentor,404,mentor.404@gov.uk,no,Some role,EO,Department of Mentors,Test biography,Policy,"bisexual, transgender"
mentor,405,mentor.405@gov.uk,no,Some role,EO,Department of Mentors,Test biography,Policy,"bisexual, transgender"
mentor,406,mentor.406@gov.uk,no,Some role,EO,Department of Mentors,Test biography,Policy,"bisexual, transgender"
mentor,407,mentor.407@gov.uk,no,Some role,EO,Department of Mentors,Test biography,Policy,"bisexual, transgender"
mentor,408,mentor.408@gov.uk,no,Some role,EO,Department of Mentors,Test biography,Policy,"bisexual, transgender"
mentor,409,mentor.409@gov.uk,no,Some role,EO,Department of Mentors,Test biography,Policy,"bisexual, transgender"
mentor,410,mentor.410@gov.uk,no,Some role,EO,Department of Mentors,Test biography,Policy,"bisexual, transgender"
mentor,411,mentor.411@gov.uk,no,Some role,EO,Department of Mentors,Test biography,Policy,"bisexual, transgender"
mentor,412,mentor.412@gov.uk,no,Some role,EO,Department of Mentors,Test biography,Policy,"bisexual, transgender"
mentor,413,mentor.413@gov.uk,no,Some role,EO,Department of Mentors,Test biography,Policy,"bisexual, transgender"
mentor,414,mentor.414@gov.uk,no,Some role,EO,Department of Mentors,Test biography,Policy,"bisexual, transgender"
mentor,415,mentor.415@gov.uk,no,Some role,EO,Department of Mentors,Test biography,Policy,"bisexual, transgender"
mentor,416,mentor.416@gov.uk,no,Some role,EO,Department of Mentors,Test biography,Policy,"bisexual, transgender"
mentor,417,mentor.417@gov.uk,no,Some role,EO,Department of Mentors,Test biography,Policy,"bisexual, transgender"
mentor,418,mentor.418@gov.uk,no,Some role,EO,Department of Mentors,Test biography,Policy,"bisexual, transgender"
mentor,419,mentor.419@gov.uk,no,Some role,EO,Department of Mentors,Test biography,Policy,"bisexual, transgender"
mentor,420,mentor.420@gov.uk,no,Some role,EO,Department of Mentors,Test biography,Policy,"bisexual, transgender"
mentor,421,mentor.421@gov.uk,no,Some role,EO,Department of Mentors,Test biography,Policy,"bisexual, transgender"
mentor,422,mentor.422@gov.uk,no,Some role,EO,Department of Mentors,Test biography,Policy,"bisexual, transgender"
mentor,423,mentor.423@gov.uk,no,Some role,EO,Department of Mentors,Test biography,Policy,"bisexual, transgender"
mentor,424,mentor.424@gov.uk,no,Some role,EO,Department of Mentors,Test biography,Policy,"bisexual, transgender"
mentor,425,mentor.425@gov.uk,no,Some role,EO,Department of Mentors,Test biography,Policy,"bisexual, transgender"
mentor,426,mentor.426@gov.uk,no,Some role,EO,Department of Mentors,Test biography,Policy,"bisexual, transgender"
mentor,427,mentor.427@gov.uk,no,Some role,EO,Department of Mentors,Test biography,Policy,"bisexual, transgender"
mentor,428,mentor.428@gov.uk,no,Some role,EO,Department of Mentors,Test biography,Policy,"bisexual, transgender"
mentor,429,mentor.429@gov.uk,no,Some role,EO,Department of Mentors,Test biography,Policy,"bisexual, transgender"
mentor,430,mentor.430@gov.uk,no,Some role,EO,Department of Mentors,Test biography,Policy,"bisexual, transgender"
mentor,431,mentor.431@gov.uk,no,Some role,EO,Department of Mentors,Test biography,Policy,"bisexual, transgender"
mentor,432,mentor.432@gov.uk,no,Some role,EO,Department of Mentors,Test biography,Policy,"bisexual, transgender"
mentor,433,mentor.433@gov.uk,no,Some role,EO,Department of Mentors,Test biography,Policy,"bisexual, transgender"
mentor,434,mentor.434@gov.uk,no,Some role,EO,Department of Mentors,Test biography,Policy,"bisexual, transgender"
mentor,435,mentor.435@gov.uk,no,Some role,EO,Department of Mentors,Test biography,Policy,"bisexual, transgender"
mentor,436,mentor.436@gov.uk,no,Some role,EO,Department of Mentors,Test biography,Policy,"bisexual, transgender"
mentor,437,mentor.437@gov.uk,no,Some role,EO,Department of Mentors,Test biography,Policy,"bisexual, transgender"
mentor,438,mentor.438@gov.uk,no,Some role,EO,Department of Mentors,Test biography,Policy,"bisexual, transgender"
mentor,439,mentor.439@gov.uk,no,Some role,EO,Department of Mentors,Test biography,Policy,"bisexual, transgender"
mentor,440,mentor.440@gov.uk,no,Some role,EO,Department of Mentors,Test biography,Policy,"bisexual, transgender"
mentor,441,mentor.441@gov.uk,no,Some role,EO,Department of Mentors,Test biography,Policy,"bisexual, transgender"
mentor,442,mentor.442@gov.uk,no,Some role,EO,Department of Mentors,Test biography,Policy,"bisexual, transgender"
mentor,443,mentor.443@gov.uk,no,Some role,EO,Department of Mentors,Test biography,Policy,"bisexual, transgender"
mentor,444,mentor.444@gov.uk,no,Some role,EO,Department of Mentors,Test biography,Policy,"bisexual, transgender"
mentor,445,mentor.445@gov.uk,no,Some role,EO,Department of Mentors,Test biography,Policy,"bisexual, transgender"
mentor,446,mentor.446@gov.uk,no,Some role,EO,Department of Mentors,Test biography,Policy,"bisexual, transgender"
mentor,447,mentor.447@gov.uk,no,Some role,EO,Department of Mentors,Test biography,Policy,"bisexual, transgender"
mentor,448,mentor.448@gov.uk,no,Some role,EO,Department of Mentors,Test biography,Policy,"bisexual, transgender"
mentor,449,mentor.449@gov.uk,no,Some role,EO,Department of Mentors,Test biography,Policy,"bisexual, transgender"
mentor,450,mentor.450@gov.uk,no,Some role,EO,Department of Mentors,Test biography,Policy,"bisexual, transgender"
mentor,451,mentor.451@gov.uk,no,Some role,EO,Department of Mentors,Test biography,Policy,"bisexual, transgender"
mentor,452,mentor.452@gov.uk,no,Some role,EO,Department of Mentors,Test biography,Policy,"bisexual, transgender"
mentor,453,mentor.453@gov.uk,no,Some role,EO,Department of Mentors,Test biography,Policy,"bisexual, transgender"
mentor,454,mentor.454@gov.uk,no,Some role,EO,Department of Mentors,Test biography,Policy,"bisexual, transgender"
mentor,455,mentor.455@gov.uk,no,Some role,EO,Department of Mentors,Test biography,Policy,"bisexual, transgender"
mentor,456,mentor.456@gov.uk,no,Some role,EO,Department of Mentors,Test biography,Policy,"bisexual, transgender"
mentor,457,mentor.457@gov.uk,no,Some role,EO,Department of Mentors,Test biography,Policy,"bisexual, transgender"
mentor,458,mentor.458@gov.uk,no,Some role,EO,Department of Mentors,Test biography,Policy,"bisexual, transgender"
mentor,459,mentor.459@gov.uk,no,Some role,EO,Department of Mentors,Test biography,Policy,"bisexual, transgender"
mentor,460,mentor.460@gov.uk,no,Some role,EO,Department of Mentors,Test biography,Policy,"bisexual, transgender"
mentor,461,mentor.461@gov.uk,no,Some role,EO,Department of Mentors,Test biography,Policy,"bisexual, transgender"
mentor,462,mentor.462@gov.uk,no,Some role,EO,Department of Mentors,Test biography,Policy,"bisexual, transgender"
mentor,463,mentor.463@gov.uk,no,Some role,EO,Department of Mentors,Test biography,Policy,"bisexual, transgender"
mentor,464,mentor.464@gov.uk,no,Some role,EO,Department of Mentors,Test biography,Policy,"bisexual, transgender"
mentor,465,mentor.465@gov.uk,no,Some role,EO,Department of Mentors,Test biography,Policy,"bisexual, transgender"
mentor,466,mentor.466@gov.uk,no,Some role,EO,Department of Mentors,Test biography,Policy,"bisexual, transgender"
mentor,467,mentor.467@gov.uk,no,Some role,EO,Department of Mentors,Test biography,Policy,"bisexual, transgender"
mentor,468,mentor.468@gov.uk,no,Some role,EO,Department of Mentors,Test biography,Policy,"bisexual, transgender"
mentor,469,mentor.469@gov.uk,no,Some role,EO,Department of Mentors,Test biography,Policy,"bisexual, transgender"
mentor,470,mentor.470@gov.uk,no,Some role,EO,Department of Mentors,Test biography,Policy,"bisexual, transgender"
mentor,471,mentor.471@gov.uk,no,Some role,EO,Department of Mentors,Test biography,Policy,"bisexual, transgender"
mentor,472,mentor.472@gov.uk,no,Some role,EO,Department of Mentors,Test biography,Policy,"bisexual, transgender"
mentor,473,mentor.473@gov.uk,no,Some role,EO,Department of Mentors,Test biography,Policy,"bisexual, transgender"
mentor,474,mentor.474@gov.uk,no,Some role,EO,Department of Mentors,Test biography,Policy,"bisexual, transgender"
mentor,475,mentor.475@gov.uk,no,Some role,EO,Department of Mentors,Test biography,Policy,"bisexual, transgender"
mentor,476,mentor.476@gov.uk,no,Some role,EO,Department of Mentors,Test biography,Policy,"bisexual, transgender"
mentor,477,mentor.477@gov.uk,no,Some role,EO,Department of Mentors,Test biography,Policy,"bisexual, transgender"
mentor,478,mentor.478@gov.uk,no,Some role,EO,Department of Mentors,Test biography,Policy,"bisexual, transgender"
mentor,479,mentor.479@gov.uk,no,Some role,EO,Department of Mentors,Test biography,Policy,"bisexual, transgender"
mentor,480,mentor.480@gov.uk,no,Some role,EO,Department of Mentors,Test biography,Policy,"bisexual, transgender"
mentor,481,mentor.481@gov.uk,no,Some role,EO,Department of Mentors,Test biography,Policy,"bisexual, transgender"
mentor,482,mentor.482@gov.uk,no,Some role,EO,Department of Mentors,Test biography,Policy,"bisexual, transgender"
mentor,483,mentor.483@gov.uk,no,Some role,EO,Department of Mentors,Test biography,Policy,"bisexual, transgender"
mentor,484,mentor.484@gov.uk,no,Some role,EO,Department of Mentors,Test biography,Policy,"bisexual, transgender"
mentor,485,mentor.485@gov.uk,no,Some role,EO,Department of Mentors,Test biography,Policy,"bisexual, transgender"
mentor,486,mentor.486@gov.uk,no,Some role,EO,Department of Mentors,Test biography,Policy,"bisexual, transgender"
mentor,487,mentor.487@gov.uk,no,Some role,EO,Department of Mentors,Test biography,Policy,"bisexual, transgender"
mentor,488,mentor.488@gov.uk,no,Some role,EO,Department of Mentors,Test biography,Policy,"bisexual, transgender"
mentor,489,mentor.489@gov.uk,no,Some role,EO,Department of Mentors,Test biography,Policy,"bisexual, transgender"
mentor,490,mentor.490@gov.uk,no,Some role,EO,Department of Mentors,Test biography,Policy,"bisexual, transgender"
mentor,491,mentor.491@gov.uk,no,Some role,EO,Department of Mentors,Test biography,Policy,"bisexual, transgender"
mentor,492,mentor.492@gov.uk,no,Some role,EO,Department of Mentors,Test biography,Policy,"bisexual, transgender"
mentor,493,mentor.493@gov.uk,no,Some role,EO,Department of Mentors,Test biography,Policy,"bisexual, transgender"
mentor,494,mentor.494@gov.uk,no,Some role,EO,Department of Mentors,Test biography,Policy,"bisexual, transgender"
mentor,495,mentor.495@gov.uk,no,Some role,EO,Department of Mentors,Test biography,Policy,"bisexual, transgender"
mentor,496,mentor.496@gov.uk,no,Some role,EO,Department of Mentors,Test biography,Policy,"bisexual, transgender"
mentor,497,mentor.497@gov.uk,no,Some role,EO,Department of Mentors,Test biography,Policy,"bisexual, transgender"
mentor,498,mentor.498@gov.uk,no,Some role,EO,Department of Mentors,Test biography,Policy,"bisexual, transgender"
mentor,499,mentor.499@gov.uk,no,Some role,EO,Department of Mentors,Test biography,Policy,"bisexual, transgender"
